ID,NUMERO,PROPIETARIO,NUMERO_EXP,UFINCA,PLANO_EXP,AREA_EXP,TIPO_EXP,SECCION,KM_INI,KM_FI,FECHA_IN,OFICIO_IN,FECHA_FI,FINCA_MAD,MONTO_AVA,NUM_AVA,ESTADO,IMAGEN_PE,OBSERVAC,PROCESO
"12",P-18,,2019-07,,A-2138051-2019,"239",PARCIAL,"2",21+600,21+670,01-ENE-2019,,,2-00127074,"11847785.00",008-2019,EN EL JUZGADO,C:\Users\LP07\Desktop\PROYECTO_SIG_CNC\EXPROPIACION\FINCAS_PROCESO\A-2138051-2019.pdf,,EN PROCESO
"18",P-3,,2019-12,,A-2147891-2019,"668",PARCIAL,"2",18+550,,01-ENE-2019,,,2-00420477,"0.00",027-2019,DESESTIMADO,,,
"13",P-19,,2019-07,,A-2140536-2019,"146",PARCIAL,"2",21+670,21+690,01-ENE-2019,,,2-00127074,"11847785.00",008-2019,EN EL JUZGADO,C:\Users\LP07\Desktop\PROYECTO_SIG_CNC\EXPROPIACION\FINCAS_PROCESO\A-2140536-2019.pdf,,EN PROCESO
"16",P-2,,2019-10,,A-2143361-2019,"102",PARCIAL,"2",20+730,20+760,01-ENE-2019,,,2-00014826,"2675267.00",029-2019,EN EL JUZGADO,C:\Users\LP07\Desktop\PROYECTO_SIG_CNC\EXPROPIACION\FINCAS_PROCESO\A-2143361-2019.pdf,,EN PROCESO
"29",P-32,,2019-20,,A-2140795-2019,"90",PARCIAL,"3",54+400,,01-ENE-2019,,,2-00494506,,,DETENIDO,,,
"30",P-25,,2019-21,,A-2139758-2019,"78",PARCIAL,"3",57+510,,01-ENE-2019,,,2-00253834,,,DETENIDO,,,
"32",P-33,,2019-23,,A-2139764-2019,"313",PARCIAL,"3",54+410,,01-ENE-2019,,,2-00284397,,,DETENIDO,,,
"40",,ESTADO-MINISTERIO DE OBRAS PUBLICAS Y TRANSPORTES,2019-31,2-00592803,A-2156259-2019,"244",PARCIAL,"2",40+065,40+120,01-ENE-2019,,19-AGO-2020,2-00181977,"14255264.00",037-2019,PROPIEDAD A NOMBRE DEL ESTADO,C:\Users\LP07\Desktop\PROYECTO_SIG_CNC\EXPROPIACION\FINCAS_ESTADO\2-00592803\A-2156259-2019.pdf,,FINALIZADO
"125",SIII-23-66,,,,SIII-23-66,"0",PARCIAL,"3",54+440,54+700,05-JUN-2023,CNC-APD-0127-2023,,,,,,,,SIN INICIAR
"46",SI-1-3,ESTADO-MINISTERIO DE OBRAS PUBLICAS Y TRANSPORTES,2020-04,1-00722652,SJ-2196853-2020,"18",PARCIAL,"1",6+300 ,6+320,01-ENE-2020,,27-AGO-2021,1-00555111,"8590914.00",002-2020,PROPIEDAD A NOMBRE DEL ESTADO,C:\Users\LP07\Desktop\PROYECTO_SIG_CNC\EXPROPIACION\FINCAS_ESTADO\1-00722652\SJ-2196853-2020.pdf,,FINALIZADO
"31",ESC-2,ESTADO-MINISTERIO DE OBRAS PUBLICAS Y TRANSPORTES,2019-22,2-00590714,A-2151835-2019,"823",PARCIAL,"2",44+030,44+100,01-ENE-2019,,17-JUN-2020,2-00212957,"10981175.00",035-2019,PROPIEDAD A NOMBRE DEL ESTADO,C:\Users\LP07\Desktop\PROYECTO_SIG_CNC\EXPROPIACION\FINCAS_ESTADO\2-00590714\A-2151835-2019.pdf,,FINALIZADO
"28",OROT-1,ESTADO-MINISTERIO DE OBRAS PUBLICAS Y TRANSPORTES,2019-19,2-00630252,A-2154217-2019,"2349",PARCIAL,"2",48+610,48+890,01-ENE-2019,,13-JUN-2023,2-00080285,"33034184.00",036-2019,PROPIEDAD A NOMBRE DEL ESTADO,C:\Users\LP07\Desktop\PROYECTO_SIG_CNC\EXPROPIACION\FINCAS_ESTADO\2-00630252\A-2154217-2019.pdf,,FINALIZADO
"131",SIII-23-69,,,,SIII-23-69,"0",PARCIAL,"3",55+595,55+645,05-JUN-2023,CNC-APD-0127-2023,,,,,,,,SIN INICIAR
"132",SIII-23-70,,,,SIII-23-70,"0",PARCIAL,"3",55+670,55+740,05-JUN-2023,CNC-APD-0127-2023,,,,,,,,SIN INICIAR
"134",SIII-23-72,,,,SIII-23-72,"0",PARCIAL,"3",56+420,57+440,05-JUN-2023,CNC-APD-0127-2023,,2-00284414,,,,,,SIN INICIAR
"117",,,2023-02,,SJ-0018086-2023,"166",PARCIAL,"1",10+675,10+685,01-ENE-2023,,,1-00547774,"56700000.00",,ELABORACION AVALUO,C:\Users\LP07\Desktop\PROYECTO_SIG_CNC\EXPROPIACION\FINCAS_PROCESO\SJ-0018086-2023.pdf,,EN PROCESO
"2",,ESTADO-MINISTERIO DE OBRAS PUBLICAS Y TRANSPORTES,2018-04,1-00705708,SJ-2092430-2018,"2617",PARCIAL,"1",11+075,11+140,01-ENE-2018,, 25-OCT-2019,1-00697801,"961453725.33",02-2018,PROPIEDAD A NOMBRE DEL ESTADO,C:\Users\LP07\Desktop\PROYECTO_SIG_CNC\EXPROPIACION\FINCAS_ESTADO\1-00705708\SJ-2092430-2018.pdf,,FINALIZADO
"3",,ESTADO-MINISTERIO DE OBRAS PUBLICAS Y TRANSPORTES,2018-05,1-00697802,SJ-2057664-2018,"615",PARCIAL,"1",11+130,11+160,01-ENE-2018,,12-JUN-2020,1-00306901,"240953191.00",003-2019,PROPIEDAD A NOMBRE DEL ESTADO,C:\Users\LP07\Desktop\PROYECTO_SIG_CNC\EXPROPIACION\FINCAS_ESTADO\1-00697802\SJ-2057664-2018.pdf,,FINALIZADO
"4",,ESTADO-MINISTERIO DE OBRAS PUBLICAS Y TRANSPORTES,2018-06,1-00705620,SJ-2092044-2018,"1183",PARCIAL,"1",11+075,11+100,01-ENE-2018,,22-OCT-2019,1-00306901,"472908486.15",01-2019,PROPIEDAD A NOMBRE DEL ESTADO,C:\Users\LP07\Desktop\PROYECTO_SIG_CNC\EXPROPIACION\FINCAS_ESTADO\1-00705620\SJ-2092044-2018.pdf,,FINALIZADO
"142",SIII-23-75-4,,,,A-0038800-2023,"68",PARCIAL,"3",57+660,57+670,05-JUN-2023,CNC-APD-0127-2023,,2-00341122,,,ELABORACION DE GESTORIA ,C:\Users\LP07\Desktop\PROYECTO_SIG_CNC\EXPROPIACION\FINCAS_PROCESO\A-0038800-2023.pdf,,SIN INICIAR
"144",SIII-23-76,,,,SIII-23-76,"0",PARCIAL,"3",58+070,58+400,05-JUN-2023,CNC-APD-0127-2023,,,,,,,,SIN INICIAR
"145",SIII-23-77,,,,SIII-23-77,"0",PARCIAL,"3",58+200,58+905,05-JUN-2023,CNC-APD-0127-2023,,,,,,,,SIN INICIAR
"148",SIII-23-82,,,,SIII-23-82,"0",PARCIAL,"3",61+750,61+830,05-JUN-2023,CNC-APD-0127-2023,,,,,,,,SIN INICIAR
"150",SIII-23-85,,,,SIII-23-85,"0",PARCIAL,"3",68+690,69+490,05-JUN-2023,CNC-APD-0127-2023,,,,,,,,SIN INICIAR
"151",SIII-23-86,,,,SIII-23-86,"0",PARCIAL,"3",69+900,70+605,05-JUN-2023,CNC-APD-0127-2023,,,,,,,,SIN INICIAR
"153",SIII-23-87-2,,,,SIII-23-87-2,"0",PARCIAL,"3",70+110,70+140,05-JUN-2023,CNC-APD-0127-2023,,2-00450725,,,,,,SIN INICIAR
"154",SIII-23-87-3,,,,SIII-23-87-3,"0",PARCIAL,"3",70+140,70+170,05-JUN-2023,CNC-APD-0127-2023,,2-00452506,,,,,,SIN INICIAR
"48",SI-1-2,ESTADO-MINISTERIO DE OBRAS PUBLICAS Y TRANSPORTES,2020-06,1-00730964,SJ-2196855-2020,"110",PARCIAL,"1",6+350,6+360,01-ENE-2020,,10-NOV-2022,1-00545083,"40174331.00",010-2021,PROPIEDAD A NOMBRE DEL ESTADO,C:\Users\LP07\Desktop\PROYECTO_SIG_CNC\EXPROPIACION\FINCAS_ESTADO\1-00730964\SJ-2196855-2020.pdf,,FINALIZADO
"9",P-4,ESTADO-MINISTERIO DE OBRAS PUBLICAS Y TRANSPORTES,2019-05,2-00593814,A-2140785-2019,"252",PARCIAL,"2",20+890,20+950,01-ENE-2019,,17-SEP-2020,2-00245936,"7641744.00",011-2019,PROPIEDAD A NOMBRE DEL ESTADO,C:\Users\LP07\Desktop\PROYECTO_SIG_CNC\EXPROPIACION\FINCAS_ESTADO\2-00593814\A-2140785-2019.pdf,,FINALIZADO
"119",,,2023-03,,SJ-2298226-2021,"224",PARCIAL,"2",15+220,15+290,01-ENE-2023,,,1-00419969,"31900000.00",,ELABORACION AVALUO,C:\Users\LP07\Desktop\PROYECTO_SIG_CNC\EXPROPIACION\FINCAS_PROCESO\SJ-2298226-2021.pdf,,EN PROCESO
"120",,,2023-04,,A-0042950-2023,"1010",PARCIAL,"2",44+525,44+600,01-ENE-2023,,,2-00520295,,,SOLICITUD FIRMA Y PUBLICACION DECLARATORIA,C:\Users\LP07\Desktop\PROYECTO_SIG_CNC\EXPROPIACION\FINCAS_PROCESO\A-0042950-2023.pdf,,EN PROCESO
"87",SIII-22-18,,SN,,P-0045130-2022,"454",PARCIAL,"3",75+800,75+900,01-ENE-2023,,,6-00149011,"18160000.00",,DETENIDO,,,EN PROCESO
"10",P-13,ESTADO-MINISTERIO DE OBRAS PUBLICAS Y TRANSPORTES,2019-06,2-00588495,A-2132716-2019,"2146",PARCIAL,"2",28+200,28+360,01-ENE-2019,,03-ABR-2020,2-00119874,"57068064.00",012-2019,PROPIEDAD A NOMBRE DEL ESTADO,C:\Users\LP07\Desktop\PROYECTO_SIG_CNC\EXPROPIACION\FINCAS_ESTADO\2-00588495\A-2132716-2019.pdf,,FINALIZADO
"11",P-12,ESTADO-MINISTERIO DE OBRAS PUBLICAS Y TRANSPORTES,2019-06,2-00588494,A-2132714-2019,"806",PARCIAL,"2",28+120,28+170,01-ENE-2019,,03-ABR-2020,2-00119874,"57068064.00",012-2019,PROPIEDAD A NOMBRE DEL ESTADO,C:\Users\LP07\Desktop\PROYECTO_SIG_CNC\EXPROPIACION\FINCAS_ESTADO\2-00588494\A-2132714-2019.pdf,,FINALIZADO
"8",P-21,ESTADO-MINISTERIO DE OBRAS PUBLICAS Y TRANSPORTES,2019-04,2-00590906,A-2140093-2019,"1021",PARCIAL,"2",37+540,37+650,01-ENE-2019,,19-JUN-2020,2-00129658,"6589501.00",014-2019,PROPIEDAD A NOMBRE DEL ESTADO,C:\Users\LP07\Desktop\PROYECTO_SIG_CNC\EXPROPIACION\FINCAS_ESTADO\2-00590906\A-2140093-2019.pdf,,FINALIZADO
"88",SIII-22-13,,SN,,P-0031542-2022,"3016",PARCIAL,"3",76+019,75+810,01-ENE-2023,,,6-00096725,"120640000.00",,DETENIDO,,,EN PROCESO
"7",P-15,ESTADO-MINISTERIO DE OBRAS PUBLICAS Y TRANSPORTES,2019-03,2-00594273,A-2135052-2019,"57",PARCIAL,"2",21+510,21+525,01-ENE-2019,,30-SEP-2020,2-00519996,"4814767.00",005-2019,PROPIEDAD A NOMBRE DEL ESTADO,C:\Users\LP07\Desktop\PROYECTO_SIG_CNC\EXPROPIACION\FINCAS_ESTADO\2-00594273\A-2135052-2019.pdf,,FINALIZADO
"14",P-14,ESTADO-MINISTERIO DE OBRAS PUBLICAS Y TRANSPORTES,2019-08,2-00590851,A-2135051-2019,"31",PARCIAL,"2",21+485,21+510,01-ENE-2019,,18-JUN-2020,2-00528217,"5877022.00",004-2019,PROPIEDAD A NOMBRE DEL ESTADO,C:\Users\LP07\Desktop\PROYECTO_SIG_CNC\EXPROPIACION\FINCAS_ESTADO\2-00590851\A-2135051-2019.pdf,,FINALIZADO
"15",P-16,ESTADO-MINISTERIO DE OBRAS PUBLICAS Y TRANSPORTES,2019-09,2-00632449,A-2135935-2019,"60",PARCIAL,"2",21+525,21+540,01-ENE-2019,,28-SEP-2023,2-00524949,"8799991.00",006-2019,PROPIEDAD A NOMBRE DEL ESTADO,C:\Users\LP07\Desktop\PROYECTO_SIG_CNC\EXPROPIACION\FINCAS_ESTADO\2-00632449\A-2135935-2019.pdf,,FINALIZADO
"39",P-10,,2019-30,,A-2154236-2019,"145",PARCIAL,"2",21+290,21+315,01-ENE-2019,,,2-00096824,"36702822.00",034-2019,DETENIDO,C:\Users\LP07\Desktop\PROYECTO_SIG_CNC\EXPROPIACION\FINCAS_PROCESO\A-2154236-2019.pdf,,EN PROCESO
"41",,,2020-01,,A-2186438-2020,"466",PARCIAL,"2",39+820,39+910,01-ENE-2020,,,2-00035838,"4020588.00",038-2019,EN EL JUZGADO,C:\Users\LP07\Desktop\PROYECTO_SIG_CNC\EXPROPIACION\FINCAS_PROCESO\A-2186438-2020.pdf,,EN PROCESO
"37",P-26,,2019-28,,A-2139759-2019,"177",PARCIAL,"2",39+100,,01-ENE-2019,,,2-00420488,,,DETENIDO,,,
"38",P-30,,2019-29,,A-2139762-2019,"584",PARCIAL,"3",57+435,,01-ENE-2019,,,2-00284398,,,DETENIDO,,,
"42",SII-7,,2020-02,,A-2202939-2020,"3256",PARCIAL,"2",28+855,29+000,01-ENE-2020,,,2-00266346,"181868401.00",005-2020,EN EL JUZGADO,C:\Users\LP07\Desktop\PROYECTO_SIG_CNC\EXPROPIACION\FINCAS_PROCESO\A-2202939-2020.pdf,,EN PROCESO
"43",SII-6-3,,2020-02,,A-2202938-2020,"1301",PARCIAL,"2",28+650,28+800,01-ENE-2020,,,2-00266346,"181868401.00",005-2020,EN EL JUZGADO,C:\Users\LP07\Desktop\PROYECTO_SIG_CNC\EXPROPIACION\FINCAS_PROCESO\A-2202938-2020.pdf,,EN PROCESO
"44",SII-8,,2020-02,,A-2205697-2020,"11748",PARCIAL,"2",29+035,29+495,01-ENE-2020,,,2-00266346,"181868401.00",005-2020,EN EL JUZGADO,C:\Users\LP07\Desktop\PROYECTO_SIG_CNC\EXPROPIACION\FINCAS_PROCESO\A-2205697-2020.pdf,,EN PROCESO
"45",SII-10-1,,2020-03,,A-2202947-2020,"1019",PARCIAL,"2",32+845,32+955,01-ENE-2020,,,2-00090926,"16588710.00",007-2020,EN EL JUZGADO,C:\Users\LP07\Desktop\PROYECTO_SIG_CNC\EXPROPIACION\FINCAS_PROCESO\A-2202947-2020.pdf,,EN PROCESO
"47",SI-2,,2020-05,,SJ-2225589-2020,"976",PARCIAL,"1",6+370,6+400,01-ENE-2020,,,1-00542465,"187584034.00",003-2020,EN EL JUZGADO,C:\Users\LP07\Desktop\PROYECTO_SIG_CNC\EXPROPIACION\FINCAS_PROCESO\SJ-2225589-2020.pdf,,EN PROCESO
"124",SIII-23-65-1,,,,A-0039430-2023,"317",PARCIAL,"3",54+360,54+440,05-JUN-2023,CNC-APD-0127-2023,,2-00247227,,,ELABORACION DE GESTORIA ,C:\Users\LP07\Desktop\PROYECTO_SIG_CNC\EXPROPIACION\FINCAS_PROCESO\A-0039430-2023.pdf,,SIN INICIAR
"49",SI-3,ESTADO-MINISTERIO DE OBRAS PUBLICAS Y TRANSPORTES,2020-07,1-00715245,SJ-2196857-2020,"84",PARCIAL,"1",7+380,7+410,01-ENE-2020,,17-DIC-2020,1-00277472,"73240681.00",008-2020,PROPIEDAD A NOMBRE DEL ESTADO,C:\Users\LP07\Desktop\PROYECTO_SIG_CNC\EXPROPIACION\FINCAS_ESTADO\1-00715245\SJ-2196857-2020.pdf,,FINALIZADO
"156",SIII-23-87-5,,,,SIII-23-87-5,"0",PARCIAL,"3",70+206,70+247,05-JUN-2023,CNC-APD-0127-2023,,2-00448467,,,,,,SIN INICIAR
"158",SIII-23-87-7,,,,SIII-23-87-7,"0",PARCIAL,"3",70+325,70+400,05-JUN-2023,CNC-APD-0127-2023,,2-00283196,,,,,,SIN INICIAR
"163",SIII-23-92,,,,SIII-23-92,"0",PARCIAL,"3",72+940,72+950,05-JUN-2023,CNC-APD-0127-2023,,,,,,,,SIN INICIAR
"164",SIII-23-93,,,,SIII-23-93,"0",PARCIAL,"3",72+975,73+060,05-JUN-2023,CNC-APD-0127-2023,,,,,,,,SIN INICIAR
"166",SIII-23-98-1,,,,SIII-23-98-1,"0",PARCIAL,"3",74+310,74+476,05-JUN-2023,CNC-APD-0127-2023,,6-00100541,,,,,,SIN INICIAR
"167",SIII-23-99-1,,,,SIII-23-99-1,"0",PARCIAL,"3",74+308,74+643,05-JUN-2023,CNC-APD-0127-2023,,6-00097558,,,,,,SIN INICIAR
"168",SIII-23-100,,,,SIII-23-100,"0",PARCIAL,"3",74+685,74+760,05-JUN-2023,CNC-APD-0127-2023,,,,,,,,SIN INICIAR
"169",SIII-23-101,,,,SIII-23-101,"0",PARCIAL,"3",74+690,74+845,05-JUN-2023,CNC-APD-0127-2023,,,,,,,,SIN INICIAR
"170",SIII-23-102,,,,SIII-23-102,"0",PARCIAL,"3",74+870,74+950,05-JUN-2023,CNC-APD-0127-2023,,,,,,,,SIN INICIAR
"171",SIII-23-103,,,,SIII-23-103,"0",PARCIAL,"3",74+918,75+177,05-JUN-2023,CNC-APD-0127-2023,,,,,,,,SIN INICIAR
"143",SIII-23-75-5,,,,A-0039264-2023,"211",PARCIAL,"3",57+670,57+700,05-JUN-2023,CNC-APD-0127-2023,,2-00380979,,,ELABORACION DE GESTORIA ,C:\Users\LP07\Desktop\PROYECTO_SIG_CNC\EXPROPIACION\FINCAS_PROCESO\A-0039264-2023.pdf,,SIN INICIAR
"52",SII-9,,2020-09,,A-2205699-2020,"729",PARCIAL,"2",29+380,29+460,01-ENE-2020,,,2-00533451,"0.00",006-2020,DESESTIMADO,C:\Users\LP07\Desktop\PROYECTO_SIG_CNC\EXPROPIACION\FINCAS_PROCESO\A-2205699-2020.pdf,,DESESTIMADO
"130",SIII-23-67-5,,,,A-0044680-2023,"2893",PARCIAL,"3",54+600,54+750,05-JUN-2023,CNC-APD-0127-2023,,2-00261269,,,ELABORACION DE GESTORIA ,C:\Users\LP07\Desktop\PROYECTO_SIG_CNC\EXPROPIACION\FINCAS_PROCESO\A-0044680-2023.pdf,,SIN INICIAR
"69",SII-20,,2020-16,,A-2224984-2020,"859",PARCIAL,"2",40+700,40+860,01-ENE-2020,,,2-00514539,"10662187.00",016-2020,EN EL JUZGADO,C:\Users\LP07\Desktop\PROYECTO_SIG_CNC\EXPROPIACION\FINCAS_PROCESO\A-2224984-2020.pdf,,EN PROCESO
"72",SI-1A (SI-21-1),,2021-05,,SJ-2308297-2021,"26",PARCIAL,"1",6+330,6+350,01-ENE-2021,,,1-00555111,"11382148.00",006-2021,EN EL JUZGADO,C:\Users\LP07\Desktop\PROYECTO_SIG_CNC\EXPROPIACION\FINCAS_PROCESO\SJ-2308297-2021.pdf,,EN PROCESO
"51",SII-5,,SN,,SJ-2229685-2020,"215",PARCIAL,"2",16+065,16+130,01-ENE-2020,,,1-00234647-A,,,DESESTIMADO,C:\Users\LP07\Desktop\PROYECTO_SIG_CNC\EXPROPIACION\FINCAS_PROCESO\SJ-2229685-2020.pdf,,DESESTIMADO
"23",P-5,,2019-16,,A-2156346-2019,"655",PARCIAL,"2",20+950,21+015,01-ENE-2019,,,2-00305638,"20582010.00",030-2019,EN EL JUZGADO,C:\Users\LP07\Desktop\PROYECTO_SIG_CNC\EXPROPIACION\FINCAS_PROCESO\A-2156346-2019.pdf,,EN PROCESO
"100",SII-21-15,,2022-20,,A-0016852-2022,"737",PARCIAL,"2",16+470,16+675,01-ENE-2022,,,2-00194160,"246516439.00",007-2023,ELABORACION AVALUO,C:\Users\LP07\Desktop\PROYECTO_SIG_CNC\EXPROPIACION\FINCAS_PROCESO\A-0016852-2022.pdf,,EN PROCESO
"33",P-31,,2019-24,,A-2139763-2019,"682",PARCIAL,"3",57+410,,01-ENE-2019,,,2-00449286,,,DETENIDO,,,
"34",P-28,,2019-25,,A-2139760-2019,"205",PARCIAL,"3",57+450,,01-ENE-2019,,,2-00498324,,,DETENIDO,,,
"35",P-29,,2019-26,,A-2139761-2019,"201",PARCIAL,"3",57+480,,01-ENE-2019,,,2-00536595,,,DETENIDO,,,
"36",P-27,,2019-27,,A-2139765-2019,"701",PARCIAL,"3",57+490,,01-ENE-2019,,,2-00285307,,,DETENIDO,,,
"101",SI-21-17,,2022-09,,A-2299091-2021,"3994",PARCIAL,"2",18+525,18+900,01-ENE-2022,,,2-00420477,"99798196.00",017-2022,NOTIFICACION AVALUO Y RESOLUCION ,C:\Users\LP07\Desktop\PROYECTO_SIG_CNC\EXPROPIACION\FINCAS_PROCESO\A-2299091-2021.pdf,,EN PROCESO
"1",,ESTADO-MINISTERIO DE OBRAS PUBLICAS Y TRANSPORTES,2018-03,1-00704069,SJ-2089871-2018,"2625",PARCIAL,"1",10+075,11+045,01-ENE-2018,, 30-JUL-2019,1-00297013,"787812884.41",07-2018,PROPIEDAD A NOMBRE DEL ESTADO,C:\Users\LP07\Desktop\PROYECTO_SIG_CNC\EXPROPIACION\FINCAS_ESTADO\1-00704069\SJ-2089871-2018.pdf,,FINALIZADO
"50",SI-4,,2020-08,,SJ-2201271-2020,"283",PARCIAL,"1",7+410,7+450,01-ENE-2020,,,1-00375536,"75240681.00",009-2020,DESESTIMADO,,,
"75",SI-2A (SI-21-2),,2021-08,,SJ-2286122-2021,"110",PARCIAL,"0",6+380,6+400,01-ENE-2021,,,1-00542465,"23156251.00",004-2021,EN EL JUZGADO,C:\Users\LP07\Desktop\PROYECTO_SIG_CNC\EXPROPIACION\FINCAS_PROCESO\SJ-2286122-2021.pdf,,EN PROCESO
"83",SIII-22-15,,2022-05,,A-0034675-2022,"377",PARCIAL,"2",48+590,48+900,01-ENE-2022,,,2-00080285,"11356410.00",009-2022,TRAMITE PARA ENVIAR A LA PGR,C:\Users\LP07\Desktop\PROYECTO_SIG_CNC\EXPROPIACION\FINCAS_PROCESO\A-0034675-2022.pdf,,EN PROCESO
"84",SIII-22-2,,2022-05,,A-0030327-2022,"585",PARCIAL,"2",48+690,48+905,01-ENE-2022,,,2-00080285,"11356410.00",009-2022,TRAMITE PARA ENVIAR A LA PGR,C:\Users\LP07\Desktop\PROYECTO_SIG_CNC\EXPROPIACION\FINCAS_PROCESO\A-0030327-2022.pdf,,EN PROCESO
"85",SIII-22-4,,2022-08,,A-0035829-2022,"983",PARCIAL,"2",55+130,55+345,01-ENE-2022,,,2-00155453,"0.00",,DETENIDO,C:\Users\LP07\Desktop\PROYECTO_SIG_CNC\EXPROPIACION\FINCAS_PROCESO\A-0035829-2022.pdf,,EN PROCESO
"86",SIII-22-12,,2022-06,,P-0033829-2022,"2056",PARCIAL,"3",75+610,76+040,01-ENE-2022,,,6-00174771,"31838399.00",18-2022,NOTIFICACION AVALUO Y RESOLUCION ,C:\Users\LP07\Desktop\PROYECTO_SIG_CNC\EXPROPIACION\FINCAS_PROCESO\P-0033829-2022.pdf,,EN PROCESO
"89",SII-21-7,,2023-05,,SJ-2307242-2021,"885",PARCIAL,"1",7+940,8+040,01-ENE-2023,,,1-00092800,"110625000.00",,DETENIDO,C:\Users\LP07\Desktop\PROYECTO_SIG_CNC\EXPROPIACION\FINCAS_PROCESO\SJ-2307242-2021.pdf,,EN PROCESO
"90",SII-21-9-A,,2022-07,,SJ-2305725-2021,"549",PARCIAL,"2",14+720,14+790,01-ENE-2022,,,1-00722591,"37090257.00",016-2022,DEVUELTO POR LA PGR,C:\Users\LP07\Desktop\PROYECTO_SIG_CNC\EXPROPIACION\FINCAS_PROCESO\SJ-2305725-2021.pdf,,EN PROCESO
"91",SI-21-9-B,,2022-24,,SJ-2307300-2021,"18",PARCIAL,"2",14+790,14+800,01-ENE-2022,,,1-00662255,"61455414.00",001-2023,ELABORACION AVALUO,C:\Users\LP07\Desktop\PROYECTO_SIG_CNC\EXPROPIACION\FINCAS_PROCESO\SJ-2307300-2021.pdf,,EN PROCESO
"92",SI-21-9-B,,2022-24,,SJ-2294986-2021,"1802",PARCIAL,"2",14+810,14+980,01-ENE-2022,,,1-00662255,"61455414.00",001-2023,ELABORACION AVALUO,C:\Users\LP07\Desktop\PROYECTO_SIG_CNC\EXPROPIACION\FINCAS_PROCESO\SJ-2294986-2021.pdf,,EN PROCESO
"93",SI-21-10,,2022-23,,SJ-2307352-2021,"421",PARCIAL,"2",14+890,14+940,01-ENE-2022,,,1-00074453,"9241301.00",002-2023,ELABORACION AVALUO,C:\Users\LP07\Desktop\PROYECTO_SIG_CNC\EXPROPIACION\FINCAS_PROCESO\SJ-2307352-2021.pdf,,EN PROCESO
"94",SII-21-10A,,2022-21,,SJ-2294068-2021,"204",PARCIAL,"2",14+930,14+960,01-ENE-2022,,,1-00074451-A,"9240301.00",004-2023,ELABORACION AVALUO,C:\Users\LP07\Desktop\PROYECTO_SIG_CNC\EXPROPIACION\FINCAS_PROCESO\SJ-2294068-2021.pdf,PLANO GENERO TITULO INCORRECTO,EN PROCESO
"95",SII-21-10B,,2022-19,,SJ-2312773-2021,"1176",PARCIAL,"2",14+960,15+120,01-ENE-2022,,,1-00311497,"99026832.00",005-2023,ELABORACION AVALUO,C:\Users\LP07\Desktop\PROYECTO_SIG_CNC\EXPROPIACION\FINCAS_PROCESO\SJ-2312773-2021.pdf,,EN PROCESO
"133",SIII-23-71-1,,,,A-0043518-2023,"21",PARCIAL,"3",56+110,56+120,05-JUN-2023,CNC-APD-0127-2023,,2-00284415,,,ELABORACION DE GESTORIA ,C:\Users\LP07\Desktop\PROYECTO_SIG_CNC\EXPROPIACION\FINCAS_PROCESO\A-0043518-2023.pdf,,SIN INICIAR
"66",SII-28,,2020-18,,A-2207175-2020,"126",PARCIAL,"3",55+310,55+355,01-ENE-2020,,,2-00155453,"1183560.00",022-2020,DETENIDO,C:\Users\LP07\Desktop\PROYECTO_SIG_CNC\EXPROPIACION\FINCAS_PROCESO\A-2207175-2020.pdf,,EN PROCESO
"106",SI-21-25,,2022-13,,A-2300991-2021,"25",PARCIAL,"2",21+500,,01-ENE-2022,,,NO POSEE,"2410675.00",015-2022,DETENIDO,,PLANO INFO POSESORIA,
"135",SIII-23-73-1,,,,A-0037885-2023,"36",PARCIAL,"3",57-500,57+490,05-JUN-2023,CNC-APD-0127-2023,,2-00253834,,,ELABORACION DE GESTORIA ,C:\Users\LP07\Desktop\PROYECTO_SIG_CNC\EXPROPIACION\FINCAS_PROCESO\A-0037885-2023.pdf,,SIN INICIAR
"136",SIII-23-73-2,,,,A-0036233-2023,"51",PARCIAL,"3",57+490,57+520,05-JUN-2023,CNC-APD-0127-2023,,2-00555445,,,ELABORACION DE GESTORIA ,C:\Users\LP07\Desktop\PROYECTO_SIG_CNC\EXPROPIACION\FINCAS_PROCESO\A-0036233-2023.pdf,,SIN INICIAR
"137",SIII-23-73-3,,,,A-0037886-2023,"50",PARCIAL,"3",57+520,57+540,05-JUN-2023,CNC-APD-0127-2023,,2-00253834,,,ELABORACION DE GESTORIA ,C:\Users\LP07\Desktop\PROYECTO_SIG_CNC\EXPROPIACION\FINCAS_PROCESO\A-0037886-2023.pdf,,SIN INICIAR
"138",SIII-23-74-1,,,,A-0040272-2023,"277",PARCIAL,"3",57+545,57+600,05-JUN-2023,CNC-APD-0127-2023,,2-00393528,,,ELABORACION DE GESTORIA ,C:\Users\LP07\Desktop\PROYECTO_SIG_CNC\EXPROPIACION\FINCAS_PROCESO\A-0040272-2023.pdf,,SIN INICIAR
"139",SIII-23-75-1,,,,A-0039263-2023,"96",PARCIAL,"3",57+600,57+620,05-JUN-2023,CNC-APD-0127-2023,,2-00418114,,,ELABORACION DE GESTORIA ,C:\Users\LP07\Desktop\PROYECTO_SIG_CNC\EXPROPIACION\FINCAS_PROCESO\A-0039263-2023.pdf,,SIN INICIAR
"140",SIII-23-75-2,,,,A-0037713-2023,"31",PARCIAL,"3",57+640,57+650,05-JUN-2023,CNC-APD-0127-2023,,2-00337877,,,ELABORACION DE GESTORIA ,C:\Users\LP07\Desktop\PROYECTO_SIG_CNC\EXPROPIACION\FINCAS_PROCESO\A-0037713-2023.pdf,,SIN INICIAR
"141",SIII-23-75-3,,,,A-0036215-2023,"33",PARCIAL,"3",57+630,57+640,05-JUN-2023,CNC-APD-0127-2023,,2-00341123,,,ELABORACION DE GESTORIA ,C:\Users\LP07\Desktop\PROYECTO_SIG_CNC\EXPROPIACION\FINCAS_PROCESO\A-0036215-2023.pdf,,SIN INICIAR
"146",SIII-23-80-1,,,,A-0043261-2023,"133",PARCIAL,"3",61+070,61+105,05-JUN-2023,CNC-APD-0127-2023,,2-00284678,,,ELABORACION DE GESTORIA ,C:\Users\LP07\Desktop\PROYECTO_SIG_CNC\EXPROPIACION\FINCAS_PROCESO\A-0043261-2023.pdf,,SIN INICIAR
"147",SIII-23-81-1,,,,A-0048588-2023,"240",PARCIAL,"3",61+145,61+200,05-JUN-2023,CNC-APD-0127-2023,,2-00284678,,,ELABORACION DE GESTORIA ,C:\Users\LP07\Desktop\PROYECTO_SIG_CNC\EXPROPIACION\FINCAS_PROCESO\A-0048588-2023.pdf,,SIN INICIAR
"149",SIII-23-83-1,,,,A-0045176-2023,"22",PARCIAL,"3",62+050,62+080,05-JUN-2023,CNC-APD-0127-2023,,2-00309073,,,ELABORACION DE GESTORIA ,C:\Users\LP07\Desktop\PROYECTO_SIG_CNC\EXPROPIACION\FINCAS_PROCESO\A-0045176-2023.pdf,,SIN INICIAR
"155",SIII-23-87-4,,,,A-0052849-2023,"308",PARCIAL,"3",70+170,70+205,05-JUN-2023,CNC-APD-0127-2023,,2-00499129,,,,C:\Users\LP07\Desktop\PROYECTO_SIG_CNC\EXPROPIACION\FINCAS_PROCESO\A-0052849-2023.pdf,,SIN INICIAR
"70",SII-31 (SI-21-33),ESTADO-MINISTERIO DE OBRAS PUBLICAS Y TRANSPORTES,2021-04,2-00625888,A-2266970-2021,"2612",PARCIAL,"2",40+700,40+890,01-ENE-2021,,03-FEB-2023,2-00167748,"31555941.00",004-2022,PROPIEDAD A NOMBRE DEL ESTADO,C:\Users\LP07\Desktop\PROYECTO_SIG_CNC\EXPROPIACION\FINCAS_ESTADO\2-00625888\A-2266970-2021.pdf,,FINALIZADO
"71",,ESTADO-MINISTERIO DE OBRAS PUBLICAS Y TRANSPORTES,2021-11,2-00623474,A-2308657-2021,"1824",PARCIAL,"2",44+525,44+670,01-ENE-2021,,13-ENE-2023,2-00520295,"11478432.00",003-2022,PROPIEDAD A NOMBRE DEL ESTADO,C:\Users\LP07\Desktop\PROYECTO_SIG_CNC\EXPROPIACION\FINCAS_ESTADO\2-00623474\A-2308657-2021.pdf,,FINALIZADO
"65",SII-25-2,ESTADO-MINISTERIO DE OBRAS PUBLICAS Y TRANSPORTES,2020-19,2-00630925,A-2230389-2020,"3193",PARCIAL,"2",48+645,48+905,01-ENE-2020,,18-JUL-2023,2-00080285,"37605833.00",019-2020,PROPIEDAD A NOMBRE DEL ESTADO,C:\Users\LP07\Desktop\PROYECTO_SIG_CNC\EXPROPIACION\FINCAS_ESTADO\2-00630925\A-2230389-2020.pdf,,FINALIZADO
"68",SII-27-1,ESTADO-MINISTERIO DE OBRAS PUBLICAS Y TRANSPORTES,2020-17,2-00601453,A-2207057-2020,"748",PARCIAL,"3",54+485,54+600,01-ENE-2020,,22-ABR-2021,2-00356664,"13364465.00",021-2020,PROPIEDAD A NOMBRE DEL ESTADO,C:\Users\LP07\Desktop\PROYECTO_SIG_CNC\EXPROPIACION\FINCAS_ESTADO\2-00601453\A-2207057-2020.pdf,,FINALIZADO
"67",SII-26,ESTADO-MINISTERIO DE OBRAS PUBLICAS Y TRANSPORTES,2020-21,2-00623033,A-2208962-2020,"294",PARCIAL,"2",52+160,52+215,01-ENE-2020,,15-DIC-2022,2-00020309,"3492951.00",002-2022,PROPIEDAD A NOMBRE DEL ESTADO,C:\Users\LP07\Desktop\PROYECTO_SIG_CNC\EXPROPIACION\FINCAS_ESTADO\2-00623033\A-2208962-2020.pdf,,FINALIZADO
"157",SIII-23-87-6,,,,A-0049290-2023,"862",PARCIAL,"3",70+250,70+325,05-JUN-2023,CNC-APD-0127-2023,,2-00450486,,,ELABORACION DE GESTORIA,C:\Users\LP07\Desktop\PROYECTO_SIG_CNC\EXPROPIACION\FINCAS_PROCESO\A-0049290-2023.pdf,,SIN INICIAR
"159",SIII-23-88-1,,,,A-0044113-2023,"102",PARCIAL,"3",70+670,70+690,05-JUN-2023,CNC-APD-0127-2023,,2-00256291,,,ELABORACION DE GESTORIA,C:\Users\LP07\Desktop\PROYECTO_SIG_CNC\EXPROPIACION\FINCAS_PROCESO\A-0044113-2023.pdf,,SIN INICIAR
"160",SIII-23-88-2,,,,A-0049157-2023,"150",PARCIAL,"3",70+640,70+670,05-JUN-2023,CNC-APD-0127-2023,,2-00543895,,,ELABORACION DE GESTORIA,C:\Users\LP07\Desktop\PROYECTO_SIG_CNC\EXPROPIACION\FINCAS_PROCESO\A-0049157-2023.pdf,,SIN INICIAR
"161",SIII-23-89-1,,,,A-0048433-2023,"56",PARCIAL,"3",71+015,71+027,05-JUN-2023,CNC-APD-0127-2023,,2-00379613,,,ELABORACION DE GESTORIA,C:\Users\LP07\Desktop\PROYECTO_SIG_CNC\EXPROPIACION\FINCAS_PROCESO\A-0048433-2023.pdf,,SIN INICIAR
"162",SIII-23-89-2,,,,A-0044114-2023,"220",PARCIAL,"3",70+959,71+006,05-JUN-2023,CNC-APD-0127-2023,,2-00256291,,,ELABORACION DE GESTORIA,C:\Users\LP07\Desktop\PROYECTO_SIG_CNC\EXPROPIACION\FINCAS_PROCESO\A-0044114-2023.pdf,,SIN INICIAR
"165",SIII-23-97-1,,,,P-0048384-2023,"11",PARCIAL,"3",74+035,74+045,05-JUN-2023,CNC-APD-0127-2023,,6-00085765,,,ELABORACION DE GESTORIA,C:\Users\LP07\Desktop\PROYECTO_SIG_CNC\EXPROPIACION\FINCAS_PROCESO\P-0048384-2023.pdf,,SIN INICIAR
"64",SII-25-1,ESTADO-MINISTERIO DE OBRAS PUBLICAS Y TRANSPORTES,2020-20,2-00601659,A-2230386-2020,"341",PARCIAL,"3",48+625,48+670,01-ENE-2020,,28-ABR-2021,2-00449912,"5170042.00",018-2020,PROPIEDAD A NOMBRE DEL ESTADO,C:\Users\LP07\Desktop\PROYECTO_SIG_CNC\EXPROPIACION\FINCAS_ESTADO\2-00601659\A-2230386-2020.pdf,,FINALIZADO
"5",P-17,ESTADO-MINISTERIO DE OBRAS PUBLICAS Y TRANSPORTES,2019-01,2-00623582,A-2135936-2019,"363",PARCIAL,"2",21+540,21+600,01-ENE-2019,,13-ENE-2023,2-00043221,"12191097.00",007-2019,PROPIEDAD A NOMBRE DEL ESTADO,C:\Users\LP07\Desktop\PROYECTO_SIG_CNC\EXPROPIACION\FINCAS_ESTADO\2-00623582\A-2135936-2019.pdf,,FINALIZADO
"152",SIII-23-87-1,,,,A-0052453-2023,"12",PARCIAL,"3",70+090,70+110,05-JUN-2023,CNC-APD-0127-2023,,2-00464653,,,,C:\Users\LP07\Desktop\PROYECTO_SIG_CNC\EXPROPIACION\FINCAS_PROCESO\A-0052453-2023.pdf,,SIN INICIAR
"102",SI-21-18,,SN,,A-2308727-2021,"424",PARCIAL,"2",18+565,18+670,01-ENE-2023,,,2-00486387,,,DETENIDO,C:\Users\LP07\Desktop\PROYECTO_SIG_CNC\EXPROPIACION\FINCAS_PROCESO\A-2308727-2021.pdf,,EN PROCESO
"103",SI-21-22,,2022-11,,A-2310545-2021,"119",PARCIAL,"2",20+875,20+935,01-ENE-2022,,,2-00245936,"4982411.00",010-2022,DEVUELTO POR LA PGR,C:\Users\LP07\Desktop\PROYECTO_SIG_CNC\EXPROPIACION\FINCAS_PROCESO\A-2310545-2021.pdf,,EN PROCESO
"17",P-1,ESTADO-MINISTERIO DE OBRAS PUBLICAS Y TRANSPORTES,2019-11,2-00620939,A-2143013-2019,"465",PARCIAL,"2",20+635,20+730,01-ENE-2019,,20-SEP-2022,2-00156851,"10048938.00",028-2019,PROPIEDAD A NOMBRE DEL ESTADO,C:\Users\LP07\Desktop\PROYECTO_SIG_CNC\EXPROPIACION\FINCAS_ESTADO\2-00620939\A-2143013-2019.pdf,,FINALIZADO
"19",P-8,ESTADO-MINISTERIO DE OBRAS PUBLICAS Y TRANSPORTES,2019-13,2-00597967,A-2156415-2019,"10",PARCIAL,"2",21+240,21+250,01-ENE-2019,,15-ENE-2021,2-00250073,"778126.00",001-2020,PROPIEDAD A NOMBRE DEL ESTADO,C:\Users\LP07\Desktop\PROYECTO_SIG_CNC\EXPROPIACION\FINCAS_ESTADO\2-00597967\A-2156415-2019.pdf,,FINALIZADO
"20",P-9,ESTADO-MINISTERIO DE OBRAS PUBLICAS Y TRANSPORTES,2019-13,2-00597966,A-2154235-2019,"130",PARCIAL,"2",21+255,21+295,01-ENE-2019,,15-ENE-2021,2-00250073,"7336787.00",033-2019,PROPIEDAD A NOMBRE DEL ESTADO,C:\Users\LP07\Desktop\PROYECTO_SIG_CNC\EXPROPIACION\FINCAS_ESTADO\2-00597966\A-2154235-2019.pdf,,FINALIZADO
"21",P-11,ESTADO-MINISTERIO DE OBRAS PUBLICAS Y TRANSPORTES,2019-14,2-00620454,A-2154159-2019,"19",PARCIAL,"2",21+315,21+325,01-ENE-2019,,26-AGO-2022,2-00498577,"1778684.00",015-2019,PROPIEDAD A NOMBRE DEL ESTADO,C:\Users\LP07\Desktop\PROYECTO_SIG_CNC\EXPROPIACION\FINCAS_ESTADO\2-00620454\A-2154159-2019.pdf,,FINALIZADO
"104",SI-21-23,,2022-10,,A-2299248-2021,"114",PARCIAL,"2",20+950,21+015,01-ENE-2022,,,2-00305638,"4177074.00",013-2022,EN EL JUZGADO,C:\Users\LP07\Desktop\PROYECTO_SIG_CNC\EXPROPIACION\FINCAS_PROCESO\A-2299248-2021.pdf,,EN PROCESO
"107",SI-21-26,,2022-14,,A-2300184-2021,"24",PARCIAL,"2",21+525,21+540,01-ENE-2022,,,2-00524949,"3762304.00",011-2022,EN EL JUZGADO,C:\Users\LP07\Desktop\PROYECTO_SIG_CNC\EXPROPIACION\FINCAS_PROCESO\A-2300184-2021.pdf,,EN PROCESO
"76",SI-4A (SI-21-3),,2021-09,,SJ-2311578-2021,"446",PARCIAL,"1",7+500 (6+400),,01-ENE-2021,,,1-00375536,"36702221.00",008-2021,DETENIDO,,,
"6",P-20,ESTADO-MINISTERIO DE OBRAS PUBLICAS Y TRANSPORTES,2019-02,2-00593169,A-2138052-2019,"50",PARCIAL,"2",21+690,21+710,01-ENE-2019,,31-AGO-2020,2-00448864,"1786227.00",010-2019,PROPIEDAD A NOMBRE DEL ESTADO,C:\Users\LP07\Desktop\PROYECTO_SIG_CNC\EXPROPIACION\FINCAS_ESTADO\2-00593169\A-2138052-2019.pdf,,FINALIZADO
"55",SII-12,ESTADO-MINISTERIO DE OBRAS PUBLICAS Y TRANSPORTES,2020-15,2-00603504,A-2204958-2020,"113",PARCIAL,"2",33+220,33+060,01-ENE-2020,,24-JUN-2021,2-00345576,"3913211.00",011-2020,PROPIEDAD A NOMBRE DEL ESTADO,C:\Users\LP07\Desktop\PROYECTO_SIG_CNC\EXPROPIACION\FINCAS_ESTADO\2-00603504\A-2204958-2020.pdf,,FINALIZADO
"61",SII-19,ESTADO-MINISTERIO DE OBRAS PUBLICAS Y TRANSPORTES,2020-12,2-00601461,A-2218931-2020,"1257",PARCIAL,"2",40+370,40+540,01-ENE-2020,,22-ABR-2021,2-00178702,"12557431.00",013-2020,PROPIEDAD A NOMBRE DEL ESTADO,C:\Users\LP07\Desktop\PROYECTO_SIG_CNC\EXPROPIACION\FINCAS_ESTADO\2-00601461\A-2218931-2020.pdf,,FINALIZADO
"62",SII-22,ESTADO-MINISTERIO DE OBRAS PUBLICAS Y TRANSPORTES,2020-10,2-00602745,A-2202994-2020,"440",PARCIAL,"2",45+680,45+740,01-ENE-2020,,02-JUN-2021,2-00520295,"2566520.00",014-2020,PROPIEDAD A NOMBRE DEL ESTADO,C:\Users\LP07\Desktop\PROYECTO_SIG_CNC\EXPROPIACION\FINCAS_ESTADO\2-00602745\A-2202994-2020.pdf,,FINALIZADO
"109",SI-21-28,,2022-16,,A-2300108-2021,"414",PARCIAL,"2",21+595,21+690,01-ENE-2022,,,2-00127074,"14179914.00",013-2022,EN EL JUZGADO,C:\Users\LP07\Desktop\PROYECTO_SIG_CNC\EXPROPIACION\FINCAS_PROCESO\A-2300108-2021.pdf,,EN PROCESO
"53",SII-11,ESTADO-MINISTERIO DE OBRAS PUBLICAS Y TRANSPORTES,2020-14,2-00602561,A-2202949-2020,"247",PARCIAL,"2",32+993,33+023,01-ENE-2020,,27-MAY-2021,2-00151057,"6130932.00",010-2020,PROPIEDAD A NOMBRE DEL ESTADO,C:\Users\LP07\Desktop\PROYECTO_SIG_CNC\EXPROPIACION\FINCAS_ESTADO\2-00602561\A-2202949-2020.pdf,,FINALIZADO
"108",SI-21-27,,2022-17,,A-2299134-2021,"76",PARCIAL,"2",21+540,21+595,01-ENE-2022,,,2-00043221,"3196636.00",012-2022,EN EL JUZGADO,C:\Users\LP07\Desktop\PROYECTO_SIG_CNC\EXPROPIACION\FINCAS_PROCESO\A-2299134-2021.pdf,,EN PROCESO
"22",P-6,ESTADO-MINISTERIO DE OBRAS PUBLICAS Y TRANSPORTES,2019-15,2-00590690,A-2156857-2019,"1935",PARCIAL,"2",21+015,21+245,01-ENE-2019,,7-JUN-2020,2-00272911,"58027485.00",031-2019,PROPIEDAD A NOMBRE DEL ESTADO,C:\Users\LP07\Desktop\PROYECTO_SIG_CNC\EXPROPIACION\FINCAS_ESTADO\2-00590690\A-2156857-2019.pdf,,FINALIZADO
"54",SII-10-2,ESTADO-MINISTERIO DE OBRAS PUBLICAS Y TRANSPORTES,2020-14,2-00602560,A-2202948-2020,"110",PARCIAL,"2",32+955,32+980,01-ENE-2020,,27-MAY-2021,2-00151057,"6130932.00",010-2020,PROPIEDAD A NOMBRE DEL ESTADO,C:\Users\LP07\Desktop\PROYECTO_SIG_CNC\EXPROPIACION\FINCAS_ESTADO\2-00602560\A-2202948-2020.pdf,,FINALIZADO
"56",SII-13,ESTADO-MINISTERIO DE OBRAS PUBLICAS Y TRANSPORTES,2020-11,2-00601438,A-2212209-2020,"115",PARCIAL,"2",35+580,36+620,01-ENE-2020,,22-ABR-2021,2-00267696,"23381390.00",012-2020,PROPIEDAD A NOMBRE DEL ESTADO,C:\Users\LP07\Desktop\PROYECTO_SIG_CNC\EXPROPIACION\FINCAS_ESTADO\2-00601438\A-2212209-2020.pdf,,FINALIZADO
"57",SII-14,ESTADO-MINISTERIO DE OBRAS PUBLICAS Y TRANSPORTES,2020-11,2-00601439,A-2212210-2020,"1170",PARCIAL,"2",35+745,36+860,01-ENE-2020,,22-ABR-2021,2-00267696,"23381390.00",012-2020,PROPIEDAD A NOMBRE DEL ESTADO,C:\Users\LP07\Desktop\PROYECTO_SIG_CNC\EXPROPIACION\FINCAS_ESTADO\2-00601439\A-2212210-2020.pdf,,FINALIZADO
"25",P-23,ESTADO-MINISTERIO DE OBRAS PUBLICAS Y TRANSPORTES,2019-17,2-00589535,A-2136821-2019,"131",PARCIAL,"2",38+685,37+710,01-ENE-2019,,19-MAY-2020,2-00035364,"21715843.00",039-2019 (13 824 177),PROPIEDAD A NOMBRE DEL ESTADO,C:\Users\LP07\Desktop\PROYECTO_SIG_CNC\EXPROPIACION\FINCAS_ESTADO\2-00589535\A-2136821-2019.pdf,,FINALIZADO
"26",P-22,ESTADO-MINISTERIO DE OBRAS PUBLICAS Y TRANSPORTES,2019-17,2-00589537,A-2136823-2019,"1160",PARCIAL,"2",38+560,38+680,01-ENE-2019,,19-MAY-2020,2-00035364,"21715843.00",016-2019 ( 7 891 666),PROPIEDAD A NOMBRE DEL ESTADO,C:\Users\LP07\Desktop\PROYECTO_SIG_CNC\EXPROPIACION\FINCAS_ESTADO\2-00589537\A-2136823-2019.pdf,,FINALIZADO
"24",ESC-1,ESTADO-MINISTERIO DE OBRAS PUBLICAS Y TRANSPORTES,2019-17,2-00589536,A-2155250-2019,"2216",PARCIAL,"2",39+020,39+230,01-ENE-2019,,19-MAY-2020,2-00035364,"21715843.00",039-2019 (13 824 177),PROPIEDAD A NOMBRE DEL ESTADO,C:\Users\LP07\Desktop\PROYECTO_SIG_CNC\EXPROPIACION\FINCAS_ESTADO\2-00589536\A-2155250-2019.pdf,,FINALIZADO
"58",SII-16,ESTADO-MINISTERIO DE OBRAS PUBLICAS Y TRANSPORTES,2020-13,2-00601456,A-2207029-2020,"212",PARCIAL,"2",38+870,38+915,01-ENE-2020,,22-ABR-2021,2-00035364,"28294042.00",015-2020,PROPIEDAD A NOMBRE DEL ESTADO,C:\Users\LP07\Desktop\PROYECTO_SIG_CNC\EXPROPIACION\FINCAS_ESTADO\2-00601456\A-2207029-2020.pdf,,FINALIZADO
"59",SII-17,ESTADO-MINISTERIO DE OBRAS PUBLICAS Y TRANSPORTES,2020-13,2-00601457,A-2207030-2020,"256",PARCIAL,"2",39+280,39+320,01-ENE-2020,,22-ABR-2021,2-00035364,"28294042.00",015-2020,PROPIEDAD A NOMBRE DEL ESTADO,C:\Users\LP07\Desktop\PROYECTO_SIG_CNC\EXPROPIACION\FINCAS_ESTADO\2-00601457\A-2207030-2020.pdf,,FINALIZADO
"60",SII-18,ESTADO-MINISTERIO DE OBRAS PUBLICAS Y TRANSPORTES,2020-13,2-00601458,A-2208987-2020,"4169",PARCIAL,"2",39+390,39+640,01-ENE-2020,,22-ABR-2021,2-00035364,"28294042.00",015-2020,PROPIEDAD A NOMBRE DEL ESTADO,C:\Users\LP07\Desktop\PROYECTO_SIG_CNC\EXPROPIACION\FINCAS_ESTADO\2-00601458\A-2208987-2020.pdf,,FINALIZADO
"114",,ESTADO-MINISTERIO DE OBRAS PUBLICAS Y TRANSPORTES,2021-12,2-00616241,A-2308549-2021,"10559",PARCIAL,"2",44+215,44+520,01-ENE-2021,,18-FEB-2011,2-00103600,"107385030.00",001-2022,PROPIEDAD A NOMBRE DEL ESTADO,C:\Users\LP07\Desktop\PROYECTO_SIG_CNC\EXPROPIACION\FINCAS_ESTADO\2-00616241\A-2308549-2021.pdf,,FINALIZADO
"27",P-24,ESTADO-MINISTERIO DE OBRAS PUBLICAS Y TRANSPORTES,2019-18,2-00629897,A-2139630-2019,"2209",PARCIAL,"2",44+740,44+800,01-ENE-2019,,31-MAY-2023,2-00520295,"13053272.00",017-2019,PROPIEDAD A NOMBRE DEL ESTADO,C:\Users\LP07\Desktop\PROYECTO_SIG_CNC\EXPROPIACION\FINCAS_ESTADO\2-00629897\A-2139630-2019.pdf,,FINALIZADO
"115",,ESTADO-MINISTERIO DE OBRAS PUBLICAS Y TRANSPORTES,2022-01,2-00622751,A-0002303-2022,"1315",PARCIAL,"2",44+620,44+660,01-ENE-2022,,02-DIC-2022,2-00329205,"7697003.00",005-2022,PROPIEDAD A NOMBRE DEL ESTADO,C:\Users\LP07\Desktop\PROYECTO_SIG_CNC\EXPROPIACION\FINCAS_ESTADO\2-00622751\A-0002303-2022.pdf,,FINALIZADO
"116",,ESTADO-MINISTERIO DE OBRAS PUBLICAS Y TRANSPORTES,2022-02,2-00622998,A-0002508-2022,"162",PARCIAL,"2",44+645,44+660,01-ENE-2022,,15-DIC-2022,2-00333705,"1401559.00",006-2022,PROPIEDAD A NOMBRE DEL ESTADO,C:\Users\LP07\Desktop\PROYECTO_SIG_CNC\EXPROPIACION\FINCAS_ESTADO\2-00622998\A-0002508-2022.pdf,,FINALIZADO
"63",SII-24,ESTADO-MINISTERIO DE OBRAS PUBLICAS Y TRANSPORTES,2020-22,2-00607901,A-2202997-2020,"62",PARCIAL,"3",46+000,46+020,01-ENE-2020,,27-OCT-2021,2-00520295,"361646.00",017-2020,PROPIEDAD A NOMBRE DEL ESTADO,C:\Users\LP07\Desktop\PROYECTO_SIG_CNC\EXPROPIACION\FINCAS_ESTADO\2-00607901\A-2202997-2020.pdf,,FINALIZADO
"173",SII-23-2,,,,A-2203578-2020,"428",PARCIAL,"2",45+830,45+900,,,,2-00146780,,,,C:\Users\LP07\Desktop\PROYECTO_SIG_CNC\EXPROPIACION\FINCAS_PROCESO\A-2203578-2020.pdf,,SIN INICIAR
"174",,,,,A-0036320-2023,"5826",PARCIAL,"2",37+500,38+000,,,,2-00570233,,,ELABORACION DE GESTORIA ,C:\Users\LP07\Desktop\PROYECTO_SIG_CNC\EXPROPIACION\FINCAS_PROCESO\A-0036320-2023.pdf,,SIN INICIAR
"81",SII-22-5,ESTADO-MINISTERIO DE OBRAS PUBLICAS Y TRANSPORTES,2022-03,2-00630998,A-0027467-2022,"603",PARCIAL,"2",44+830,44+920,01-ENE-2022,,20-JUL-2023,2-00520295,"12046461.00",008-2022,PROPIEDAD A NOMBRE DEL ESTADO,C:\Users\LP07\Desktop\PROYECTO_SIG_CNC\EXPROPIACION\FINCAS_ESTADO\2-00630998\A-0027467-2022.pdf,,FINALIZADO
"77",SI-3 (SI-21-4),ESTADO-MINISTERIO DE OBRAS PUBLICAS Y TRANSPORTES,2021-10,1-00735148,SJ-2300784-2021,"147",PARCIAL,"1",7+380,7+400,01-ENE-2021,,24-AGO-2023,1-00277472,"105004307.00",005-2021,PROPIEDAD A NOMBRE DEL ESTADO,C:\Users\LP07\Desktop\PROYECTO_SIG_CNC\EXPROPIACION\FINCAS_ESTADO\1-00735148\SJ-2300784-2021.pdf,,FINALIZADO
"82",SII-22-5,ESTADO-MINISTERIO DE OBRAS PUBLICAS Y TRANSPORTES,2022-03,2-00630999,A-0027464-2022,"649",PARCIAL,"2",44+930,45+060,01-ENE-2022,,20-JUL-2023,2-00520295,"12046461.00",008-2022,PROPIEDAD A NOMBRE DEL ESTADO,C:\Users\LP07\Desktop\PROYECTO_SIG_CNC\EXPROPIACION\FINCAS_ESTADO\2-00630999\A-0027464-2022.pdf,,FINALIZADO
"175",SII-23-1,,,,A-2202995-2020,"587",PARCIAL,"2",45+800,45+830,,,,2-00520295,,,,C:\Users\LP07\Desktop\PROYECTO_SIG_CNC\EXPROPIACION\FINCAS_PROCESO\A-2202995-2020.pdf,,SIN INICIAR
"110",SI-21-29,,2022-15,,A-2309937-2021,"267",PARCIAL,"2",21+690,21+725,01-ENE-2022,,,2-00448864,"8986686.00",014-2022,EN LA NOTARIA,C:\Users\LP07\Desktop\PROYECTO_SIG_CNC\EXPROPIACION\FINCAS_PROCESO\A-2309937-2021.pdf,,EN PROCESO
"113",SII-30 (SI-21-32),,2021-01,,A-2260490-2021,"476",PARCIAL,"2",40+690,40+870,01-ENE-2021,,,2-00514539,"5413928.00",001-2021,EN LA NOTARIA,C:\Users\LP07\Desktop\PROYECTO_SIG_CNC\EXPROPIACION\FINCAS_PROCESO\A-2260490-2021.pdf,,EN PROCESO
"118",,,2023-03,,SJ-2299968-2021,"638",PARCIAL,"2",15+215,15+280,01-ENE-2023,,,1-00419969,"31900000.00",,ELABORACION AVALUO,C:\Users\LP07\Desktop\PROYECTO_SIG_CNC\EXPROPIACION\FINCAS_PROCESO\SJ-2299968-2021.pdf,,EN PROCESO
"126",SIII-23-67-1,,,,A-0043647-2023,"21",PARCIAL,"3",54+400,54+410,05-JUN-2023,CNC-APD-0127-2023,,2-00374962,,,ELABORACION DE GESTORIA ,C:\Users\LP07\Desktop\PROYECTO_SIG_CNC\EXPROPIACION\FINCAS_PROCESO\A-0043647-2023.pdf,,SIN INICIAR
"127",SIII-23-67-2,,,,A-0039629-2023,"64",PARCIAL,"3",54+410,54+420,05-JUN-2023,CNC-APD-0127-2023,,2-00357278,,,ELABORACION DE GESTORIA ,C:\Users\LP07\Desktop\PROYECTO_SIG_CNC\EXPROPIACION\FINCAS_PROCESO\A-0039629-2023.pdf,,SIN INICIAR
"128",SIII-23-67-3,,,,A-0040191-2023,"155",PARCIAL,"3",54+420,54+440,05-JUN-2023,CNC-APD-0127-2023,,2-00357279,,,ELABORACION DE GESTORIA ,C:\Users\LP07\Desktop\PROYECTO_SIG_CNC\EXPROPIACION\FINCAS_PROCESO\A-0040191-2023.pdf,,SIN INICIAR
"129",SIII-23-67-4,,,,A-0044411-2023,"2176",PARCIAL,"3",54+440,54+600,05-JUN-2023,CNC-APD-0127-2023,,2-00356664,,,ELABORACION DE GESTORIA ,C:\Users\LP07\Desktop\PROYECTO_SIG_CNC\EXPROPIACION\FINCAS_PROCESO\A-0044411-2023.pdf,,SIN INICIAR
"96",SII-21-11,,2022-22,,SJ-2293998-2021,"631",PARCIAL,"2",15+145,15+220,01-ENE-2022,,,1-00073903,"13050906.00",003-2023,ELABORACION AVALUO,C:\Users\LP07\Desktop\PROYECTO_SIG_CNC\EXPROPIACION\FINCAS_PROCESO\SJ-2293998-2021.pdf,,EN PROCESO
"78",SII-22-1,ESTADO-MINISTERIO DE OBRAS PUBLICAS Y TRANSPORTES,2022-04,2-00627996,A-0012746-2022,"1908",PARCIAL,"2",36+060,36+140,01-ENE-2022,,02-MAR-2023,2-00533751,"29840364.00",007-2022,PROPIEDAD A NOMBRE DEL ESTADO,C:\Users\LP07\Desktop\PROYECTO_SIG_CNC\EXPROPIACION\FINCAS_ESTADO\2-00627996\A-0012746-2022.pdf,,FINALIZADO
"79",SII-22-8,ESTADO-MINISTERIO DE OBRAS PUBLICAS Y TRANSPORTES,2022-03,2-00630996,A-0027474-2022,"711",PARCIAL,"2",44+685,44+745,01-ENE-2022,,20-JUL-2023,2-00520295,"12046461.00",008-2022,PROPIEDAD A NOMBRE DEL ESTADO,C:\Users\LP07\Desktop\PROYECTO_SIG_CNC\EXPROPIACION\FINCAS_ESTADO\2-00630996\A-0027474-2022.pdf,,FINALIZADO
"121",,ESTADO-MINISTERIO DE OBRAS PUBLICAS Y TRANSPORTES,2018-02,2-00577424,A-2091157-2018,"3163",PARCIAL,"2",16+400,16+700,01-ENE-2018,,20-MAY-2019,2-00194160,"131623764.58",08-2018,PROPIEDAD A NOMBRE DEL ESTADO,C:\Users\LP07\Desktop\PROYECTO_SIG_CNC\EXPROPIACION\FINCAS_ESTADO\2-00577424\A-2091157-2018.pdf,,FINALIZADO
"112",SII-32 (SI-21-31),ESTADO-MINISTERIO DE OBRAS PUBLICAS Y TRANSPORTES,2021-02,2-00627008,A-2267814-2021,"1241",PARCIAL,"2",38+550,38+750,01-ENE-2021,,14-FEB-2023,2-00035364,"9876716.00",003-2021,PROPIEDAD A NOMBRE DEL ESTADO,C:\Users\LP07\Desktop\PROYECTO_SIG_CNC\EXPROPIACION\FINCAS_ESTADO\2-00627008\A-2267814-2021.pdf,,FINALIZADO
"80",SII-22-7,ESTADO-MINISTERIO DE OBRAS PUBLICAS Y TRANSPORTES,2022-03,2-00630997,A-0027469-2022,"18",PARCIAL,"2",44+800,44+810,01-ENE-2022,,20-JUL-2023,2-00520295,"12046461.00",008-2022,PROPIEDAD A NOMBRE DEL ESTADO,C:\Users\LP07\Desktop\PROYECTO_SIG_CNC\EXPROPIACION\FINCAS_ESTADO\2-00630997\A-0027469-2022.pdf,,FINALIZADO
"73",SI-1-1A (SI-21-1),ESTADO-MINISTERIO DE OBRAS PUBLICAS Y TRANSPORTES,2021-06,1-00734923,SJ-2308179-2021,"195",PARCIAL,"1",6+330,6+350,01-ENE-2021,,11-AGO-2023,1-00548155,"55610144.00",007-2021,PROPIEDAD A NOMBRE DEL ESTADO,C:\Users\LP07\Desktop\PROYECTO_SIG_CNC\EXPROPIACION\FINCAS_ESTADO\1-00734923\SJ-2308179-2021.pdf,,FINALIZADO
"74",SI-1-2A (SI-21-1),ESTADO-MINISTERIO DE OBRAS PUBLICAS Y TRANSPORTES,2021-07,1-00734936,SJ-2310371-2021,"64",PARCIAL,"1",6+300,6+365,01-ENE-2021,,15-AGO-2023,1-00545083,"22035296.00",003-2021,PROPIEDAD A NOMBRE DEL ESTADO,C:\Users\LP07\Desktop\PROYECTO_SIG_CNC\EXPROPIACION\FINCAS_ESTADO\1-00734936\SJ-2310371-2021.pdf,,FINALIZADO
"105",SI-21-24,ESTADO-MINISTERIO DE OBRAS PUBLICAS Y TRANSPORTES,2022-12,2-00631911,A-2300360-2021,"8",PARCIAL,"2",21+480,21+510,01-ENE-2022,,04-SEP-2023,2-00528217,"820288.00",014-2022,PROPIEDAD A NOMBRE DEL ESTADO,C:\Users\LP07\Desktop\PROYECTO_SIG_CNC\EXPROPIACION\FINCAS_ESTADO\2-00631911\A-2300360-2021.pdf,,FINALIZADO
"97",SII-21-12A,,SN,,SJ-2325339-2021,"219",PARCIAL,"2",15+285,15+340,01-ENE-2023,,,1-00004212-M,"10950000.00",,DETENIDO,C:\Users\LP07\Desktop\PROYECTO_SIG_CNC\EXPROPIACION\FINCAS_PROCESO\SJ-2325339-2021.pdf,,EN PROCESO
"98",SII-21-13,,2022-18,,SJ-2293000-2021,"280",PARCIAL,"2",15+390,15+355,01-ENE-2022,,,1-00505269,"8537145.00",006-2023,ELABORACION AVALUO,C:\Users\LP07\Desktop\PROYECTO_SIG_CNC\EXPROPIACION\FINCAS_PROCESO\SJ-2293000-2021.pdf,,EN PROCESO
"99",SII-21-15,,2022-20,,A-2296270-2021,"4134",PARCIAL,"2",16+440,16+690,01-ENE-2022,,,2-00194160,"246516439.00",007-2023,ELABORACION AVALUO,C:\Users\LP07\Desktop\PROYECTO_SIG_CNC\EXPROPIACION\FINCAS_PROCESO\A-2296270-2021.pdf,,EN PROCESO
"172",SII-23-3,,,,A-2202996-2020,"351",PARCIAL,"2",45+900,45+930,,,,2-00520295,,,,C:\Users\LP07\Desktop\PROYECTO_SIG_CNC\EXPROPIACION\FINCAS_PROCESO\A-2202996-2020.pdf,,SIN INICIAR
"111",,ESTADO-MINISTERIO DE OBRAS PUBLICAS Y TRANSPORTES,2021-03,2-00621670,A-2259782-2021,"2530",PARCIAL,"1",25+340,25+740,01-ENE-2021,,19-OCT-2022,2-00499779,"39890447.00",002-2021,PROPIEDAD A NOMBRE DEL ESTADO,C:\Users\LP07\Desktop\PROYECTO_SIG_CNC\EXPROPIACION\FINCAS_ESTADO\2-00621670\A-2259782-2021.pdf,,FINALIZADO
